org,file_,URL,File,Require,Ensure,Include,Attribute,Hard_coded_string,Command,File_mode,SSH_KEY,Lines_of_code,Comment,defect_status
MIRANTIS,/Users/akond/PUPP_REPOS/mirantis-downloads/puppetlabs-openstack/manifests/db/mysql.pp,0,0,0,0,0,27,16,0,0,0,125,32,0
MIRANTIS,/Users/akond/PUPP_REPOS/mirantis-downloads/puppet-manifests/modules/fuel_project/manifests/zuul.pp,1,1,0,1,1,6,10,1,1,1,35,11,1
MIRANTIS,/Users/akond/PUPP_REPOS/mirantis-downloads/fuel-plugin-standalone-ceph/deployment_scripts/ceph_client.pp,0,2,0,3,5,19,15,2,1,1,53,0,1
MIRANTIS,/Users/akond/PUPP_REPOS/mirantis-downloads/fuel-plugin-external-ceph/deployment_scripts/volumes-and-ephemeral-compute.pp,0,0,0,0,1,0,0,0,0,0,1,0,1
MIRANTIS,/Users/akond/PUPP_REPOS/mirantis-downloads/puppet-manifests/modules/zabbix/manifests/server.pp,0,2,6,4,11,54,30,4,1,1,278,96,0
MIRANTIS,/Users/akond/PUPP_REPOS/mirantis-downloads/fuel-plugin-external-ceph/deployment_scripts/conf.pp,0,0,0,0,1,0,0,0,0,0,1,0,0
MIRANTIS,/Users/akond/PUPP_REPOS/mirantis-downloads/puppetlabs-openstack/manifests/nova/controller.pp,2,0,0,0,0,57,27,0,0,0,221,28,1
MIRANTIS,/Users/akond/PUPP_REPOS/mirantis-downloads/puppet-manifests/modules/puppet/manifests/agent.pp,0,0,1,1,2,21,1,0,0,0,57,6,1
MIRANTIS,/Users/akond/PUPP_REPOS/mirantis-downloads/puppetlabs-cinder/manifests/volume/iscsi.pp,0,0,2,2,5,14,7,0,0,0,46,1,1
MIRANTIS,/Users/akond/PUPP_REPOS/mirantis-downloads/puppet-manifests/modules/zuul/manifests/init.pp,6,10,11,11,22,61,59,0,5,5,255,47,1
MIRANTIS,/Users/akond/PUPP_REPOS/mirantis-downloads/puppet-manifests/modules/tpi/manifests/nfs_client.pp,0,6,6,7,13,39,30,0,6,6,81,9,0
MIRANTIS,/Users/akond/PUPP_REPOS/mirantis-downloads/fuel-plugin-external-ceph/deployment_scripts/images.pp,0,0,0,0,1,0,0,0,0,0,1,0,0
MIRANTIS,/Users/akond/PUPP_REPOS/mirantis-downloads/fuel-plugin-etckeeper/deployment_scripts/etckeeper_configure.pp,0,0,0,0,1,6,5,1,0,0,26,1,0
MIRANTIS,/Users/akond/PUPP_REPOS/mirantis-downloads/puppetlabs-horizon/manifests/init.pp,2,1,4,3,8,13,14,1,1,1,70,21,1
MIRANTIS,/Users/akond/PUPP_REPOS/mirantis-downloads/puppet-ssh/manifests/server/config.pp,0,1,1,1,2,8,5,0,1,1,12,0,1
MIRANTIS,/Users/akond/PUPP_REPOS/mirantis-downloads/fuel-plugin-celebrer/deployment_scripts/puppet/manifests/agent.pp,0,0,0,0,0,4,3,0,0,0,12,1,0
MIRANTIS,/Users/akond/PUPP_REPOS/mirantis-downloads/puppet-ssh/manifests/hostkeys.pp,0,0,0,0,0,6,0,0,0,0,12,0,0
MIRANTIS,/Users/akond/PUPP_REPOS/mirantis-downloads/puppet-manifests/modules/fuel_project/manifests/gerrit.pp,0,0,1,0,1,30,4,0,0,0,70,10,1
MIRANTIS,/Users/akond/PUPP_REPOS/mirantis-downloads/puppet-kafka/manifests/defaults.pp,0,0,0,0,0,0,36,0,0,0,91,3,1
MIRANTIS,/Users/akond/PUPP_REPOS/mirantis-downloads/fuel-plugin-standalone-ceph/deployment_scripts/openstack-haproxy-radosgw.pp,0,0,0,0,1,0,0,0,0,0,1,0,1
MIRANTIS,/Users/akond/PUPP_REPOS/mirantis-downloads/pmlc_neutron/manifests/server/config.pp,0,0,0,42,42,209,130,0,0,0,427,12,1
MIRANTIS,/Users/akond/PUPP_REPOS/mirantis-downloads/fuel-plugin-celebrer/deployment_scripts/puppet/manifests/server.pp,0,0,0,0,2,19,16,0,0,0,95,2,0
MIRANTIS,/Users/akond/PUPP_REPOS/mirantis-downloads/fuel-plugin-celebrer/deployment_scripts/puppet/modules/celebrer/manifests/engine.pp,0,0,1,2,5,6,3,0,0,0,60,22,0
MIRANTIS,/Users/akond/PUPP_REPOS/mirantis-downloads/puppet-ssh/manifests/client/config.pp,1,2,1,1,2,6,2,0,1,1,14,0,1
MIRANTIS,/Users/akond/PUPP_REPOS/mirantis-downloads/puppet-manifests/modules/fuel_project/manifests/glusterfs.pp,1,4,6,5,15,48,31,4,3,3,146,23,1
MIRANTIS,/Users/akond/PUPP_REPOS/mirantis-downloads/puppet-manifests/modules/fuel_project/manifests/nginx.pp,0,1,0,2,2,18,13,0,1,1,44,4,1
MIRANTIS,/Users/akond/PUPP_REPOS/mirantis-downloads/puppet-manifests/modules/lpreports/manifests/webapp.pp,1,4,6,9,15,85,57,3,4,4,182,20,1
MIRANTIS,/Users/akond/PUPP_REPOS/mirantis-downloads/puppet-manifests/modules/fuel_project/manifests/gerrit/replication.pp,2,0,1,1,2,20,14,0,1,1,113,31,1
MIRANTIS,/Users/akond/PUPP_REPOS/mirantis-downloads/puppet-manifests/modules/ssh/manifests/known_host.pp,0,0,0,0,1,3,4,0,0,0,29,10,0
MIRANTIS,/Users/akond/PUPP_REPOS/mirantis-downloads/puppetlabs-cinder/manifests/keystone/auth.pp,3,0,0,4,4,13,12,0,0,0,42,0,0
MIRANTIS,/Users/akond/PUPP_REPOS/mirantis-downloads/roles/manifests/openstack/pmlc_compute.pp,0,0,0,0,7,0,0,0,0,0,39,18,0
MIRANTIS,/Users/akond/PUPP_REPOS/mirantis-downloads/puppet-haproxy/manifests/init.pp,0,0,2,2,5,28,25,0,1,1,116,62,1
MIRANTIS,/Users/akond/PUPP_REPOS/mirantis-downloads/fuel-plugin-standalone-ceph/deployment_scripts/hosts.pp,0,0,0,0,1,0,0,0,0,0,1,0,0
MIRANTIS,/Users/akond/PUPP_REPOS/mirantis-downloads/puppet-module-keepalived/manifests/install.pp,0,0,0,1,1,1,0,0,0,0,5,0,0
MIRANTIS,/Users/akond/PUPP_REPOS/mirantis-downloads/puppet-kafka/manifests/client.pp,0,0,0,1,1,1,0,0,0,0,17,3,0
MIRANTIS,/Users/akond/PUPP_REPOS/mirantis-downloads/puppet-manifests/modules/fuel_project/manifests/apps/plugins.pp,0,2,3,4,8,24,13,0,0,0,76,16,0
MIRANTIS,/Users/akond/PUPP_REPOS/mirantis-downloads/puppet-manifests/modules/fuel_project/manifests/apps/static.pp,0,2,1,3,4,25,20,0,2,2,74,16,1
MIRANTIS,/Users/akond/PUPP_REPOS/mirantis-downloads/puppet-manifests/modules/ssh/manifests/sshd.pp,0,1,1,3,6,14,10,0,1,1,52,10,1
MIRANTIS,/Users/akond/PUPP_REPOS/mirantis-downloads/puppet-manifests/modules/fuel_project/manifests/roles/perestroika/builder.pp,0,0,2,0,2,4,2,0,0,0,50,10,0
MIRANTIS,/Users/akond/PUPP_REPOS/mirantis-downloads/puppet-manifests/modules/landing_page/manifests/init.pp,3,3,6,9,18,123,66,2,3,3,294,34,1
MIRANTIS,/Users/akond/PUPP_REPOS/mirantis-downloads/profiles/manifests/common/sudo.pp,0,0,0,0,0,0,0,0,0,0,19,9,0
MIRANTIS,/Users/akond/PUPP_REPOS/mirantis-downloads/puppet-manifests/modules/fuel_project/manifests/jenkins/master.pp,0,0,2,3,5,19,14,1,0,0,77,17,1
MIRANTIS,/Users/akond/PUPP_REPOS/mirantis-downloads/puppet-ssh/manifests/client.pp,0,0,0,0,1,0,0,0,0,0,3,0,0
MIRANTIS,/Users/akond/PUPP_REPOS/mirantis-downloads/puppet-manifests/modules/fuel_project/manifests/tpi/lab.pp,0,4,4,3,7,33,23,0,4,4,92,7,1
MIRANTIS,/Users/akond/PUPP_REPOS/mirantis-downloads/puppet-manifests/modules/system/manifests/init.pp,0,4,5,6,11,40,27,1,4,4,115,16,1
MIRANTIS,/Users/akond/PUPP_REPOS/mirantis-downloads/puppet-foreman_proxy/manifests/plugin/chef/params.pp,1,0,0,0,0,0,2,0,0,0,12,1,0
MIRANTIS,/Users/akond/PUPP_REPOS/mirantis-downloads/roles/manifests/ftp/server.pp,0,0,0,0,8,0,0,0,0,0,40,19,0
MIRANTIS,/Users/akond/PUPP_REPOS/mirantis-downloads/pmlc_nova/manifests/compute/service.pp,0,0,1,1,2,4,1,0,0,0,40,12,0
MIRANTIS,/Users/akond/PUPP_REPOS/mirantis-downloads/puppet-manifests/modules/django/manifests/application.pp,0,4,2,6,11,40,11,0,4,4,132,28,0
MIRANTIS,/Users/akond/PUPP_REPOS/mirantis-downloads/puppet-manifests/modules/racks/manifests/importer.pp,2,2,2,5,7,15,12,1,2,2,84,29,1
MIRANTIS,/Users/akond/PUPP_REPOS/mirantis-downloads/puppet-manifests/modules/fuel_project/manifests/apps/partnerappliance.pp,0,2,3,4,7,23,12,0,2,2,81,16,1
MIRANTIS,/Users/akond/PUPP_REPOS/mirantis-downloads/puppet-manifests/modules/fuel_project/manifests/apps/monitoring/mysql/server.pp,0,1,1,1,2,7,7,0,1,1,22,8,1
MIRANTIS,/Users/akond/PUPP_REPOS/mirantis-downloads/profiles/manifests/ssh/server.pp,0,0,0,0,0,2,1,0,0,0,28,13,0
MIRANTIS,/Users/akond/PUPP_REPOS/mirantis-downloads/fuel-plugin-external-ceph/deployment_scripts/radosgw-keystone.pp,0,0,0,0,1,0,0,0,0,0,1,0,0
MIRANTIS,/Users/akond/PUPP_REPOS/mirantis-downloads/roles/manifests/deploy.pp,0,0,0,0,10,0,0,0,0,0,44,18,0
MIRANTIS,/Users/akond/PUPP_REPOS/mirantis-downloads/puppet-manifests/modules/fuel_project/manifests/apps/firewall.pp,0,0,2,1,6,17,14,0,0,0,64,14,1
MIRANTIS,/Users/akond/PUPP_REPOS/mirantis-downloads/puppet-manifests/modules/fuel_project/manifests/roles/ns.pp,0,5,7,5,12,37,36,2,4,4,114,14,1
MIRANTIS,/Users/akond/PUPP_REPOS/mirantis-downloads/puppet-manifests/modules/fuel_project/manifests/apps/mirror_npm.pp,1,3,5,11,16,56,38,1,2,2,141,15,1
MIRANTIS,/Users/akond/PUPP_REPOS/mirantis-downloads/fuel-plugin-standalone-ceph/deployment_scripts/ssl_keys_saving.pp,0,0,0,0,1,0,0,0,0,0,2,0,0
MIRANTIS,/Users/akond/PUPP_REPOS/mirantis-downloads/puppetlabs-openstack/manifests/swift/storage-node.pp,0,0,1,1,2,15,8,0,0,0,58,0,0
MIRANTIS,/Users/akond/PUPP_REPOS/mirantis-downloads/puppet-manifests/modules/fuel_project/manifests/apps/mirror_rubygems.pp,1,4,4,9,13,44,35,1,2,2,106,14,1
MIRANTIS,/Users/akond/PUPP_REPOS/mirantis-downloads/puppet-ssh/manifests/params.pp,0,0,0,0,0,0,12,0,0,0,23,0,1
MIRANTIS,/Users/akond/PUPP_REPOS/mirantis-downloads/puppet-ssh/manifests/server/configline.pp,0,0,1,0,2,9,2,0,0,0,32,0,0
MIRANTIS,/Users/akond/PUPP_REPOS/mirantis-downloads/puppet-manifests/modules/pxetool/manifests/master.pp,1,6,6,11,17,95,59,2,6,6,229,26,1
MIRANTIS,/Users/akond/PUPP_REPOS/mirantis-downloads/puppet-manifests/modules/fuel_project/manifests/common.pp,0,4,5,6,11,42,34,3,4,4,202,22,1
MIRANTIS,/Users/akond/PUPP_REPOS/mirantis-downloads/puppet-manifests/modules/jenkins/manifests/swarm_slave.pp,0,3,3,8,11,33,20,0,2,2,108,16,1
MIRANTIS,/Users/akond/PUPP_REPOS/mirantis-downloads/puppet-concat/manifests/setup.pp,0,1,0,2,2,13,5,0,2,2,49,14,1
MIRANTIS,/Users/akond/PUPP_REPOS/mirantis-downloads/puppet-manifests/modules/tpi/manifests/vmware_lab.pp,0,1,6,5,11,40,25,1,1,1,109,10,1
MIRANTIS,/Users/akond/PUPP_REPOS/mirantis-downloads/puppet-manifests/modules/fuel_project/manifests/apps/partnershare.pp,0,1,2,3,5,28,23,1,1,2,81,12,1
MIRANTIS,/Users/akond/PUPP_REPOS/mirantis-downloads/puppet-manifests/modules/ssh/manifests/ldap.pp,0,4,0,6,9,23,20,0,3,3,90,14,1
MIRANTIS,/Users/akond/PUPP_REPOS/mirantis-downloads/puppet-manifests/modules/fuel_stats/manifests/collector.pp,1,7,7,8,16,90,61,1,7,7,247,26,1
MIRANTIS,/Users/akond/PUPP_REPOS/mirantis-downloads/puppet-manifests/modules/jenkins/manifests/slave.pp,0,0,1,2,3,10,7,0,0,0,35,8,1
MIRANTIS,/Users/akond/PUPP_REPOS/mirantis-downloads/puppet-manifests/modules/landing_page/manifests/params.pp,1,0,0,0,0,0,19,0,0,0,52,4,1
MIRANTIS,/Users/akond/PUPP_REPOS/mirantis-downloads/puppet-manifests/modules/fuel_stats/manifests/migration.pp,0,2,2,3,7,27,17,3,2,2,90,11,1
MIRANTIS,/Users/akond/PUPP_REPOS/mirantis-downloads/puppetlabs-openstack/manifests/auth_file.pp,2,1,0,0,0,1,4,0,0,0,25,5,0
MIRANTIS,/Users/akond/PUPP_REPOS/mirantis-downloads/puppet-manifests/modules/zabbix/manifests/frontend.pp,1,5,5,8,17,71,47,0,4,4,212,33,0
MIRANTIS,/Users/akond/PUPP_REPOS/mirantis-downloads/puppet-manifests/modules/fuel_project/manifests/nailgun_demo.pp,3,6,16,14,30,148,108,6,2,2,290,19,1
MIRANTIS,/Users/akond/PUPP_REPOS/mirantis-downloads/puppet-ssh/manifests/server/service.pp,0,0,1,1,2,5,1,0,0,0,9,0,1
MIRANTIS,/Users/akond/PUPP_REPOS/mirantis-downloads/puppet-manifests/modules/fuel_project/manifests/roles/zabbix/server.pp,0,1,3,4,7,20,25,1,1,1,78,18,1
MIRANTIS,/Users/akond/PUPP_REPOS/mirantis-downloads/puppet-manifests/modules/puppet/manifests/params.pp,0,0,0,0,0,0,22,0,0,0,89,49,1
MIRANTIS,/Users/akond/PUPP_REPOS/mirantis-downloads/puppet-manifests/manifests/site.pp,0,2,1,2,6,28,15,0,2,2,188,6,1
MIRANTIS,/Users/akond/PUPP_REPOS/mirantis-downloads/puppet-manifests/modules/fuel_project/manifests/jenkins/slave/custom_scripts.pp,0,1,3,2,5,13,11,0,2,2,69,9,0
MIRANTIS,/Users/akond/PUPP_REPOS/mirantis-downloads/fuel-plugin-external-ceph/deployment_scripts/puppet/modules/external_ceph/manifests/conf.pp,0,3,0,3,3,9,8,0,2,2,46,0,0
MIRANTIS,/Users/akond/PUPP_REPOS/mirantis-downloads/puppetlabs-openstack/manifests/test_file.pp,0,1,0,0,0,1,5,0,0,0,29,15,0
MIRANTIS,/Users/akond/PUPP_REPOS/mirantis-downloads/fuel-plugin-vxlan-vlan-7/deployment_scripts/configure-ml2-controller.pp,0,0,0,3,4,17,9,0,0,0,57,0,1
MIRANTIS,/Users/akond/PUPP_REPOS/mirantis-downloads/puppet-manifests/modules/fuel_project/manifests/devops_tools/lpupdatebug.pp,0,3,4,3,7,23,26,0,3,3,90,24,1
MIRANTIS,/Users/akond/PUPP_REPOS/mirantis-downloads/puppetlabs-openstack/manifests/controller.pp,2,0,0,0,0,104,42,0,0,0,315,65,1
MIRANTIS,/Users/akond/PUPP_REPOS/mirantis-downloads/puppet-manifests/modules/fuel_project/manifests/puppet/master.pp,0,1,3,1,4,26,26,1,1,1,102,36,1
MIRANTIS,/Users/akond/PUPP_REPOS/mirantis-downloads/puppet-manifests/modules/jenkins/manifests/master.pp,3,9,11,15,29,121,91,3,8,8,438,47,1
MIRANTIS,/Users/akond/PUPP_REPOS/mirantis-downloads/fuel-plugin-celebrer/deployment_scripts/puppet/modules/celebrer/manifests/params.pp,0,0,0,0,0,0,19,0,0,0,39,4,0
MIRANTIS,/Users/akond/PUPP_REPOS/mirantis-downloads/puppet-kafka/manifests/init.pp,0,0,0,1,1,1,1,0,0,0,21,13,1
MIRANTIS,/Users/akond/PUPP_REPOS/mirantis-downloads/roles/manifests/openstack/pmlc_controller.pp,0,0,0,0,9,0,0,0,0,0,42,18,0
MIRANTIS,/Users/akond/PUPP_REPOS/mirantis-downloads/puppet-kafka/manifests/mirror.pp,0,3,4,3,7,13,5,0,0,0,94,14,0
MIRANTIS,/Users/akond/PUPP_REPOS/mirantis-downloads/fuel-plugin-standalone-ceph/deployment_scripts/modules/ceph_override/manifests/ceph/enable_rados.pp,0,1,0,3,4,16,13,0,1,1,69,1,0
MIRANTIS,/Users/akond/PUPP_REPOS/mirantis-downloads/puppet-manifests/modules/ssh/manifests/banner.pp,0,1,0,0,0,4,3,0,1,1,18,8,0
MIRANTIS,/Users/akond/PUPP_REPOS/mirantis-downloads/puppet-concat/spec/fixtures/manifests/site.pp,0,0,0,0,0,0,0,0,0,0,0,0,0
MIRANTIS,/Users/akond/PUPP_REPOS/mirantis-downloads/puppetlabs-openstack/manifests/glance.pp,2,0,0,0,0,23,17,0,0,0,84,31,0
MIRANTIS,/Users/akond/PUPP_REPOS/mirantis-downloads/fuel-plugin-etckeeper/deployment_scripts/etckeeper_commit.pp,0,0,0,0,1,3,4,1,0,0,15,0,1
MIRANTIS,/Users/akond/PUPP_REPOS/mirantis-downloads/puppet-manifests/modules/fuel_project/manifests/roles/mailman.pp,0,0,0,0,0,3,3,0,0,0,18,4,0
MIRANTIS,/Users/akond/PUPP_REPOS/mirantis-downloads/puppetlabs-openstack/manifests/all.pp,2,0,0,0,0,126,62,0,0,0,385,59,1
MIRANTIS,/Users/akond/PUPP_REPOS/mirantis-downloads/fuel-plugin-celebrer/deployment_scripts/puppet/manifests/keystone.pp,0,0,0,0,0,7,8,0,0,0,35,1,0
MIRANTIS,/Users/akond/PUPP_REPOS/mirantis-downloads/puppet-manifests/modules/jenkins/manifests/params.pp,0,0,0,0,0,0,5,0,0,0,44,4,1
MIRANTIS,/Users/akond/PUPP_REPOS/mirantis-downloads/puppetlabs-openstack/manifests/compute.pp,2,0,0,0,1,65,25,0,0,0,242,16,1
MIRANTIS,/Users/akond/PUPP_REPOS/mirantis-downloads/puppet-manifests/modules/zabbix/manifests/params.pp,0,0,0,0,0,1,129,0,0,0,227,4,1
MIRANTIS,/Users/akond/PUPP_REPOS/mirantis-downloads/puppetlabs-cinder/manifests/params.pp,0,0,0,0,0,0,23,0,0,0,38,1,1
MIRANTIS,/Users/akond/PUPP_REPOS/mirantis-downloads/puppetlabs-cinder/manifests/volume.pp,0,0,1,2,4,7,3,0,0,0,37,1,0
MIRANTIS,/Users/akond/PUPP_REPOS/mirantis-downloads/puppetlabs-openstack/tests/cloudcontroller.pp,0,0,0,0,0,14,12,0,0,0,16,0,0
MIRANTIS,/Users/akond/PUPP_REPOS/mirantis-downloads/puppet-manifests/modules/fuel_project/manifests/apps/mirror.pp,0,2,5,5,11,54,35,0,1,1,151,24,1
MIRANTIS,/Users/akond/PUPP_REPOS/mirantis-downloads/puppet-manifests/modules/fuel_stats/manifests/analytic.pp,3,5,8,12,21,103,71,0,5,5,290,30,1
MIRANTIS,/Users/akond/PUPP_REPOS/mirantis-downloads/puppetlabs-openstack/manifests/keystone.pp,0,0,0,0,0,39,15,0,0,0,227,38,1
MIRANTIS,/Users/akond/PUPP_REPOS/mirantis-downloads/puppet-ssh/manifests/server/install.pp,0,0,0,1,2,1,0,0,0,0,6,0,0
MIRANTIS,/Users/akond/PUPP_REPOS/mirantis-downloads/puppet-ssh/tests/init.pp,0,0,0,0,1,0,0,0,0,0,1,0,0
MIRANTIS,/Users/akond/PUPP_REPOS/mirantis-downloads/puppetlabs-openstack/examples/site.pp,0,0,0,0,1,65,21,0,0,0,151,22,1
MIRANTIS,/Users/akond/PUPP_REPOS/mirantis-downloads/puppet-manifests/modules/fuel_project/manifests/roles/blackduck/server.pp,0,2,6,6,13,45,32,1,1,2,127,14,0
MIRANTIS,/Users/akond/PUPP_REPOS/mirantis-downloads/puppetlabs-cinder/manifests/base.pp,0,3,1,3,5,18,12,0,1,1,56,5,0
MIRANTIS,/Users/akond/PUPP_REPOS/mirantis-downloads/puppetlabs-cinder/manifests/scheduler.pp,0,0,1,2,4,7,3,0,0,0,35,1,0
MIRANTIS,/Users/akond/PUPP_REPOS/mirantis-downloads/profiles/manifests/puppet/agent.pp,0,1,0,1,1,19,6,0,2,2,46,12,0
MIRANTIS,/Users/akond/PUPP_REPOS/mirantis-downloads/puppet-manifests/modules/log_storage/manifests/storage/nginx.pp,3,4,0,3,7,74,50,0,5,5,181,27,1
MIRANTIS,/Users/akond/PUPP_REPOS/mirantis-downloads/fuel-plugin-celebrer/deployment_scripts/puppet/modules/celebrer/manifests/keystone/auth.pp,9,0,0,0,0,16,13,0,0,1,94,62,0
MIRANTIS,/Users/akond/PUPP_REPOS/mirantis-downloads/pmlc_neutron/manifests/server/service.pp,0,0,1,1,2,8,1,0,0,0,109,12,0
MIRANTIS,/Users/akond/PUPP_REPOS/mirantis-downloads/puppet-manifests/modules/fuel_project/manifests/roles/docs.pp,6,6,6,13,19,123,68,0,6,7,284,25,1
MIRANTIS,/Users/akond/PUPP_REPOS/mirantis-downloads/puppet-manifests/modules/ssh/manifests/params.pp,0,0,0,0,0,0,6,0,0,0,49,14,1
MIRANTIS,/Users/akond/PUPP_REPOS/mirantis-downloads/solar-resources/resources/node_network_puppet/1.0.0/actions/run.pp,0,0,2,0,2,15,3,1,0,0,41,3,0
MIRANTIS,/Users/akond/PUPP_REPOS/mirantis-downloads/puppet-manifests/modules/etherpad_lite/manifests/webapp.pp,2,3,3,7,10,66,48,0,3,3,168,32,0
MIRANTIS,/Users/akond/PUPP_REPOS/mirantis-downloads/puppet-manifests/modules/venv/manifests/init.pp,1,0,0,0,0,5,4,0,0,0,21,9,1
MIRANTIS,/Users/akond/PUPP_REPOS/mirantis-downloads/puppet-manifests/modules/fuel_project/manifests/mongodb.pp,0,0,0,0,0,12,6,0,0,0,52,11,0
MIRANTIS,/Users/akond/PUPP_REPOS/mirantis-downloads/puppetlabs-horizon/manifests/params.pp,0,0,0,0,0,0,7,0,0,0,27,2,0
MIRANTIS,/Users/akond/PUPP_REPOS/mirantis-downloads/puppet-manifests/modules/puppet/manifests/master.pp,0,3,5,8,15,67,43,0,2,2,161,11,1
MIRANTIS,/Users/akond/PUPP_REPOS/mirantis-downloads/puppet-manifests/modules/log_storage/manifests/storage/zabbix.pp,0,0,1,1,2,2,2,0,0,0,19,7,1
MIRANTIS,/Users/akond/PUPP_REPOS/mirantis-downloads/fuel-plugin-celebrer/deployment_scripts/puppet/modules/celebrer/manifests/db.pp,0,0,0,1,1,10,8,0,0,0,91,37,0
MIRANTIS,/Users/akond/PUPP_REPOS/mirantis-downloads/fuel-plugin-celebrer/deployment_scripts/puppet/modules/celebrer/manifests/init.pp,0,0,0,1,4,10,7,0,0,0,45,0,0
MIRANTIS,/Users/akond/PUPP_REPOS/mirantis-downloads/puppet-manifests/modules/fuel_project/manifests/roles/storage.pp,0,0,0,1,1,8,6,0,0,0,29,7,0
MIRANTIS,/Users/akond/PUPP_REPOS/mirantis-downloads/puppet-haproxy/spec/fixtures/manifests/site.pp,0,0,0,0,0,0,0,0,0,0,0,0,0
MIRANTIS,/Users/akond/PUPP_REPOS/mirantis-downloads/puppet-manifests/modules/uwsgi/manifests/params.pp,0,0,0,0,0,0,9,0,0,0,39,4,0
MIRANTIS,/Users/akond/PUPP_REPOS/mirantis-downloads/puppetlabs-cinder/manifests/client.pp,0,0,0,1,1,2,1,0,0,0,8,0,0
MIRANTIS,/Users/akond/PUPP_REPOS/mirantis-downloads/puppet-kafka/manifests/server/jmxtrans.pp,1,0,0,0,0,21,181,0,0,0,463,25,1
MIRANTIS,/Users/akond/PUPP_REPOS/mirantis-downloads/puppet-manifests/modules/fuel_project/manifests/roles/perestroika/publisher.pp,0,0,2,2,4,12,4,0,0,0,65,14,0
MIRANTIS,/Users/akond/PUPP_REPOS/mirantis-downloads/puppetlabs-openstack/manifests/horizon.pp,0,0,0,0,0,15,8,0,0,1,55,20,0
MIRANTIS,/Users/akond/PUPP_REPOS/mirantis-downloads/puppet-manifests/modules/fuel_project/manifests/apps/updates.pp,0,1,2,2,4,31,25,0,0,0,74,15,1
MIRANTIS,/Users/akond/PUPP_REPOS/mirantis-downloads/puppet-manifests/modules/fuel_project/manifests/jenkins/slave.pp,2,16,35,35,70,249,203,1,15,15,1287,81,1
MIRANTIS,/Users/akond/PUPP_REPOS/mirantis-downloads/fuel-plugin-external-ceph/deployment_scripts/puppet/modules/external_ceph/manifests/volumes_ephemeral.pp,0,0,1,2,4,10,5,0,0,0,46,0,0
MIRANTIS,/Users/akond/PUPP_REPOS/mirantis-downloads/puppet-manifests/modules/fuel_project/manifests/apps/lodgeit.pp,1,3,2,7,9,53,39,0,2,2,118,15,0
MIRANTIS,/Users/akond/PUPP_REPOS/mirantis-downloads/puppet-manifests/modules/fuel_project/manifests/devops_tools.pp,0,0,0,0,0,0,0,0,0,0,23,8,0
MIRANTIS,/Users/akond/PUPP_REPOS/mirantis-downloads/puppet-manifests/modules/devopslib/manifests/ssl_certificate.pp,0,2,0,2,2,11,4,0,2,2,47,26,0
MIRANTIS,/Users/akond/PUPP_REPOS/mirantis-downloads/puppet-manifests/modules/fuel_project/manifests/lab_cz.pp,0,5,3,7,10,42,33,0,6,6,92,7,1
MIRANTIS,/Users/akond/PUPP_REPOS/mirantis-downloads/puppet-manifests/modules/fuel_project/manifests/znc.pp,0,0,1,1,3,7,4,0,0,0,30,8,0
MIRANTIS,/Users/akond/PUPP_REPOS/mirantis-downloads/fuel-plugin-standalone-ceph/deployment_scripts/mon.pp,0,0,0,0,1,0,0,0,0,0,1,0,1
MIRANTIS,/Users/akond/PUPP_REPOS/mirantis-downloads/puppet-haproxy/manifests/config.pp,0,0,0,0,0,8,11,0,1,1,78,61,1
MIRANTIS,/Users/akond/PUPP_REPOS/mirantis-downloads/fuel-plugin-celebrer/deployment_scripts/puppet/manifests/ha.pp,0,0,0,0,0,13,12,0,0,0,44,0,1
MIRANTIS,/Users/akond/PUPP_REPOS/mirantis-downloads/puppetlabs-horizon/spec/fixtures/manifests/site.pp,0,0,0,0,0,0,0,0,0,0,0,0,0
MIRANTIS,/Users/akond/PUPP_REPOS/mirantis-downloads/puppet-manifests/modules/fuel_project/manifests/apps/mirror_pypi.pp,1,2,4,7,11,39,30,1,2,2,118,17,1
MIRANTIS,/Users/akond/PUPP_REPOS/mirantis-downloads/puppet-manifests/modules/ssh/manifests/authorized_keys.pp,0,0,0,1,1,2,2,0,0,0,13,4,1
MIRANTIS,/Users/akond/PUPP_REPOS/mirantis-downloads/puppet-manifests/modules/log_storage/manifests/logstash.pp,0,13,6,0,6,48,34,0,6,6,164,27,1
MIRANTIS,/Users/akond/PUPP_REPOS/mirantis-downloads/puppet-concat/manifests/init.pp,1,5,1,6,9,38,16,1,2,2,221,94,1
MIRANTIS,/Users/akond/PUPP_REPOS/mirantis-downloads/puppet-manifests/modules/transmission/manifests/daemon.pp,2,2,2,4,7,29,58,2,1,1,247,85,0
MIRANTIS,/Users/akond/PUPP_REPOS/mirantis-downloads/puppet-manifests/modules/uwsgi/manifests/init.pp,0,0,1,2,3,7,2,0,0,0,33,9,1
MIRANTIS,/Users/akond/PUPP_REPOS/mirantis-downloads/puppetlabs-cinder/manifests/setup_test_volume.pp,0,0,0,0,1,5,4,0,0,0,28,0,0
MIRANTIS,/Users/akond/PUPP_REPOS/mirantis-downloads/puppetlabs-cinder/manifests/db/mysql.pp,0,0,1,0,2,8,8,0,0,0,36,1,0
MIRANTIS,/Users/akond/PUPP_REPOS/mirantis-downloads/fuel-plugin-celebrer/deployment_scripts/puppet/modules/celebrer/manifests/agent.pp,0,0,1,2,4,12,7,0,0,0,65,18,0
MIRANTIS,/Users/akond/PUPP_REPOS/mirantis-downloads/puppetlabs-cinder/manifests/api.pp,0,0,1,2,4,21,13,1,0,0,68,1,0
MIRANTIS,/Users/akond/PUPP_REPOS/mirantis-downloads/puppet-manifests/modules/venv/manifests/venv.pp,0,0,2,0,2,10,1,2,0,0,55,12,1
MIRANTIS,/Users/akond/PUPP_REPOS/mirantis-downloads/puppet-manifests/modules/gerrit/manifests/init.pp,4,25,25,28,62,205,137,0,17,17,616,86,1
MIRANTIS,/Users/akond/PUPP_REPOS/mirantis-downloads/puppet-manifests/modules/jeepyb/manifests/init.pp,0,0,1,5,7,6,1,0,0,0,47,5,1
MIRANTIS,/Users/akond/PUPP_REPOS/mirantis-downloads/puppet-manifests/modules/fuel_stats/manifests/db.pp,0,0,0,0,0,6,2,0,0,0,40,12,1
MIRANTIS,/Users/akond/PUPP_REPOS/mirantis-downloads/puppet-manifests/modules/docker_registry/manifests/init.pp,3,9,16,15,31,134,91,0,9,9,344,89,1
MIRANTIS,/Users/akond/PUPP_REPOS/mirantis-downloads/puppet-manifests/modules/gerrit/manifests/hideci.pp,0,2,2,3,5,7,3,0,0,0,36,8,1
MIRANTIS,/Users/akond/PUPP_REPOS/mirantis-downloads/pmlc_nova/manifests/init.pp,0,0,0,0,1,4,6,0,0,0,80,12,1
MIRANTIS,/Users/akond/PUPP_REPOS/mirantis-downloads/puppet-manifests/modules/fuel_stats/manifests/dev.pp,1,3,4,2,6,30,15,3,3,3,109,13,1
MIRANTIS,/Users/akond/PUPP_REPOS/mirantis-downloads/puppet-manifests/modules/puppet/manifests/facter.pp,0,3,2,3,5,13,11,0,1,1,34,7,1
MIRANTIS,/Users/akond/PUPP_REPOS/mirantis-downloads/puppet-manifests/modules/zabbix/manifests/agent.pp,0,2,2,3,8,15,13,0,2,2,94,34,1
MIRANTIS,/Users/akond/PUPP_REPOS/mirantis-downloads/puppet-manifests/modules/racks/manifests/webapp.pp,4,3,3,10,13,91,60,2,3,3,197,34,1
MIRANTIS,/Users/akond/PUPP_REPOS/mirantis-downloads/puppet-kafka/manifests/server.pp,0,9,7,6,13,35,21,1,3,3,313,128,1
MIRANTIS,/Users/akond/PUPP_REPOS/mirantis-downloads/puppet-module-keepalived/manifests/instance.pp,0,0,1,0,2,5,4,0,0,0,22,0,0
MIRANTIS,/Users/akond/PUPP_REPOS/mirantis-downloads/puppet-manifests/modules/fuel_project/manifests/web.pp,0,0,0,0,0,0,0,0,0,0,23,8,0
MIRANTIS,/Users/akond/PUPP_REPOS/mirantis-downloads/puppet-manifests/modules/lodgeit/manifests/database.pp,0,0,0,0,3,0,0,0,0,0,9,4,0
MIRANTIS,/Users/akond/PUPP_REPOS/mirantis-downloads/puppet-manifests/modules/fuel_project/manifests/tpi/server.pp,0,0,0,1,1,16,13,0,0,0,37,4,0
MIRANTIS,/Users/akond/PUPP_REPOS/mirantis-downloads/puppet-manifests/modules/fuel_project/manifests/jenkins/slave/infra.pp,0,0,0,0,0,0,0,0,0,0,11,4,0
MIRANTIS,/Users/akond/PUPP_REPOS/mirantis-downloads/puppet-manifests/modules/log_storage/manifests/logstashforwarder.pp,0,1,1,0,1,6,4,0,1,1,33,9,0
MIRANTIS,/Users/akond/PUPP_REPOS/mirantis-downloads/puppet-manifests/modules/obs_server/manifests/init.pp,0,1,8,9,19,32,12,0,1,1,84,15,0
MIRANTIS,/Users/akond/PUPP_REPOS/mirantis-downloads/puppet-concat/manifests/fragment.pp,0,1,0,1,1,9,0,0,1,1,49,15,1